﻿OBJECTID,reporting_event_number,RuledDate,HomicideDate,District,VictimAge,Race,Gender,Weapon,HOUR_OF_DAY,DAY_OF_WEEK,YEAR,QUARTER,MONTH,NEIGHBORHOOD,Ethnicity_NIBRS
412,162085432,2016/10/27 19:13:55+00,2016/10/18 21:43:00+00,C11,41,Black or African American,Male,GSW,17,3,2016,4,10,Dorchester,Not Hispanic or Latinx
415,162044119,2016/06/06 03:16:00+00,2016/06/05 03:16:00+00,B3,33,Black or African American,Male,GSW,23,7,2016,2,6,Dorchester,Not Hispanic or Latinx
424,I172018048,2017/03/07 12:50:51+00,2017/03/07 12:45:00+00,B2,35,Black or African American,Male,STAB,7,3,2017,1,3,Dorchester,Not Hispanic or Latinx
425,172047249,2017/06/13 19:35:44+00,2017/06/13 22:59:20+00,B3,19,Black or African American,Male,GSW,18,3,2017,2,6,Mattapan,Not Hispanic or Latinx
438,152071596,2015/08/31 14:57:07+00,2015/08/29 06:42:00+00,B2,27,Black or African American,Male,GSW,2,7,2015,3,8,Dorchester,Not Hispanic or Latinx
445,182080967,2018/10/07 03:35:00+00,2018/10/07 03:35:00+00,C11,62,Black or African American,Male,GSW,23,7,2018,4,10,Dorchester,Not Hispanic or Latinx
448,162103433,2016/12/20 20:17:43+00,2016/12/20 05:50:00+00,B2,34,Black or African American,Female,STAB,0,3,2016,4,12,Dorchester,Not Hispanic or Latinx
451,080644488,2016/05/19 21:38:34+00,2008/11/05 17:40:34+00,C11,24,Black or African American,Male,GSW,12,4,2008,4,11,Dorchester,Not Hispanic or Latinx
452,172062994,2017/08/02 21:00:32+00,2017/08/02 20:02:32+00,C11,32,Black or African American,Male,GSW,16,4,2017,3,8,Dorchester,Not Hispanic or Latinx
457,162090597,2016/11/05 05:00:59+00,2016/11/05 04:39:14+00,C11,29,Black or African American,Male,GSW,0,7,2016,4,11,Dorchester,Not Hispanic or Latinx
470,162048538,2016/06/19 18:58:36+00,2016/06/19 03:06:00+00,B3,31,Black or African American,Male,GSW,23,7,2016,2,6,Mattapan,Not Hispanic or Latinx
472,172037777,2017/05/14 02:57:53+00,2017/05/14 02:57:53+00,C11,22,Black or African American,Male,GSW,22,7,2017,2,5,Dorchester,Not Hispanic or Latinx
473,182080649,2018/10/05 22:48:00+00,2018/10/05 22:48:00+00,B2,22,White,Male,GSW,18,6,2018,4,10,Dorchester,Hispanic or Latinx
476,172104845,2017/12/20 00:16:00+00,2017/12/20 00:16:00+00,C11,17,Black or African American,Male,GSW,19,3,2017,4,12,Dorchester,Not Hispanic or Latinx
477,182003714,2018/01/14 22:30:00+00,2018/01/14 22:30:00+00,C11,17,Black or African American,Male,GSW,17,1,2018,1,1,Dorchester,Not Hispanic or Latinx
479,172031721,2017/04/24 00:33:47+00,2017/04/24 00:33:47+00,B3,29,Black or African American,Male,GSW,20,1,2017,2,4,Dorchester,Not Hispanic or Latinx
483,162065072,2016/08/13 15:59:07+00,2016/08/13 03:40:00+00,B3,34,Black or African American,Male,GSW,23,6,2016,3,8,Dorchester,Hispanic or Latinx
492,182023600,2018/03/30 13:12:28+00,2018/03/30 13:11:00+00,B2,34,Black or African American,Male,GSW,9,6,2018,1,3,Dorchester,Not Hispanic or Latinx
497,152101248,2015/12/08 19:21:32+00,2015/12/08 05:30:00+00,B3,28,Black or African American,Male,STAB,0,3,2015,4,12,Dorchester,Not Hispanic or Latinx
500,182059055,2018/07/26 22:14:00+00,2018/07/26 22:14:00+00,B3,77,White,Male,STAB,18,5,2018,3,7,Dorchester,Hispanic or Latinx
503,172075277,2017/09/11 02:23:00+00,2017/09/11 02:23:00+00,C11,24,White,Female,GSW,22,1,2017,3,9,Dorchester,Not Hispanic or Latinx
506,182043561,2018/06/06 02:49:00+00,2018/06/06 02:49:00+00,C11,25,White,Male,GSW,22,3,2018,2,6,Dorchester,Hispanic or Latinx
509,162039242,2016/05/20 02:32:00+00,2016/05/20 01:40:00+00,B3,22,Black or African American,Male,GSW,21,5,2016,2,5,Dorchester,Not Hispanic or Latinx
513,152026045,2015/04/02 18:08:12+00,2015/03/31 15:30:00+00,B3,37,Black or African American,Male,GSW,11,3,2015,1,3,Dorchester,Not Hispanic or Latinx
517,162013863,2016/02/22 19:54:06+00,2016/02/21 21:37:00+00,B2,15,Black or African American,Male,STAB,16,1,2016,1,2,Dorchester,Not Hispanic or Latinx
522,172009839,2017/02/05 22:54:00+00,2017/02/05 22:49:00+00,C11,22,Black or African American,Female,GSW,17,1,2017,1,2,Dorchester,Not Hispanic or Latinx
523,182009897,2018/02/07 00:54:00+00,2018/02/07 00:54:00+00,C11,27,Black or African American,Male,GSW,19,3,2018,1,2,Dorchester,Not Hispanic or Latinx
526,182083479,2018/10/16 01:36:00+00,2018/10/16 01:36:00+00,C11,24,Black or African American,Female,GSW,21,2,2018,4,10,Dorchester,Not Hispanic or Latinx
527,182060953,2018/12/08 04:27:00+00,2018/08/02 03:27:00+00,B3,23,Black or African American,Male,GSW,23,4,2018,3,8,Dorchester,Not Hispanic or Latinx
528,172032945,2017/04/27 14:26:46+00,2017/04/28 01:57:00+00,B3,30,Black or African American,Male,GSW,21,5,2017,2,4,Mattapan,Not Hispanic or Latinx
538,182078305,2018/09/27 16:47:56+00,2018/09/27 16:47:56+00,B3,27,Black or African American,Male,GSW,12,5,2018,3,9,Mattapan,Not Hispanic or Latinx
543,172081437,2017/09/30 00:00:38+00,2017/09/29 23:51:38+00,C11,39,White,Male,GSW,19,6,2017,3,9,Dorchester,Not Hispanic or Latinx
546,182064056,2018/08/12 03:14:00+00,2018/08/12 03:14:00+00,B3,55,Black or African American,Male,GSW,23,7,2018,3,8,Mattapan,Not Hispanic or Latinx
547,172057934,2017/07/17 21:23:00+00,2017/07/17 21:23:00+00,B3,18,Black or African American,Male,GSW,17,2,2017,3,7,Dorchester,Not Hispanic or Latinx
561,162088581,2016/10/29 23:50:04+00,2016/10/29 18:27:00+00,C11,36,Black or African American,Female,GSW,14,7,2016,4,10,Dorchester,Not Hispanic or Latinx
564,162045234,2016/06/09 19:32:12+00,2016/06/08 17:16:00+00,B2,17,Black or African American,Male,GSW,13,4,2016,2,6,Dorchester,Not Hispanic or Latinx
569,152048199,2015/06/12 14:36:48+00,2015/06/10 23:53:00+00,B3,16,Black or African American,Male,GSW,19,4,2015,2,6,Dorchester,Not Hispanic or Latinx
575,182104066,2018/12/27 05:34:00+00,2018/12/27 05:34:00+00,B3,18,Black or African American,Male,GSW,0,5,2018,4,12,Mattapan,Not Hispanic or Latinx
576,162023617,2016/03/27 18:54:19+00,2016/03/27 06:11:11+00,B3,26,Black or African American,Male,GSW,2,1,2016,1,3,Mattapan,Not Hispanic or Latinx
579,172028837,2017/04/14 12:27:19+00,2017/04/14 20:12:00+00,C11,21,Black or African American,Male,GSW,16,6,2017,2,4,Dorchester,Not Hispanic or Latinx
582,152066827,2015/08/13 20:36:36+00,2015/08/13 02:18:00+00,B3,21,Black or African American,Male,GSW,22,4,2015,3,8,Mattapan,Not Hispanic or Latinx
587,172070801,2017/10/13 15:41:42+00,2017/08/27 04:24:00+00,C11,48,Asian,Male,Trauma,0,1,2017,3,8,Dorchester,Not Hispanic or Latinx
590,152107190,2015/12/30 19:28:44+00,2015/12/29 13:47:00+00,B3,18,Black or African American,Male,GSW,8,3,2015,4,12,Mattapan,Hispanic or Latinx
591,182022148,2018/03/25 19:49:31+00,2018/03/25 07:01:00+00,B2,33,Black or African American,Male,STAB,3,1,2018,1,3,Dorchester,Not Hispanic or Latinx
601,162075905,2016/09/17 06:30:11+00,2016/09/17 06:17:13+00,B3,23,Black or African American,Male,GSW,2,7,2016,3,9,Dorchester,Not Hispanic or Latinx
602,162091710,2016/11/10 03:50:47+00,2016/11/09 03:45:00+00,B3,33,Black or African American,Male,GSW,22,3,2016,4,11,Mattapan,Not Hispanic or Latinx
603,172065378,2017/08/10 02:34:59+00,2017/08/10 02:33:00+00,B2,27,Black or African American,Male,GSW,22,4,2017,3,8,Dorchester,Hispanic or Latinx
622,182082113,2018/10/11 06:08:00+00,2018/10/11 06:08:00+00,C11,19,Black or African American,Male,GSW,2,5,2018,4,10,Dorchester,Not Hispanic or Latinx
624,172106125,2017/12/25 02:08:00+00,2017/12/25 02:08:00+00,B3,19,Black or African American,Male,GSW,21,1,2017,4,12,Mattapan,Not Hispanic or Latinx
628,182096701,2018/12/01 00:06:00+00,2018/12/01 00:06:00+00,B3,19,Black or African American,Male,GSW,19,6,2018,4,11,Dorchester,Not Hispanic or Latinx
633,172054624,2017/07/06 22:44:11+00,2017/07/06 22:44:11+00,B2,17,Black or African American,Male,GSW,18,5,2017,3,7,Dorchester,Not Hispanic or Latinx
635,162007065,2016/01/27 06:39:00+00,2016/01/27 06:39:00+00,C11,19,Black or African American,Male,GSW,1,4,2016,1,1,Dorchester,Not Hispanic or Latinx
636,172005625,2017/01/21 23:34:00+00,2017/01/21 23:34:00+00,B3,27,Black or African American,Male,GSW,18,7,2017,1,1,Dorchester,Not Hispanic or Latinx
638,182023966,2018/03/31 19:55:00+00,2018/03/31 19:55:00+00,B3,38,Black or African American,Male,GSW,15,7,2018,1,3,Dorchester,Not Hispanic or Latinx
641,152057348,2015/07/12 17:51:01+00,2015/07/11 21:57:00+00,C11,20,Black or African American,Male,GSW,17,7,2015,3,7,Dorchester,Not Hispanic or Latinx
643,172051446,2017/06/27 19:47:00+00,2017/06/26 23:27:00+00,B3,29,Black or African American,Male,GSW,19,2,2017,2,6,Mattapan,Not Hispanic or Latinx
646,172090526,2017/10/29 16:11:35+00,2017/10/30 00:22:00+00,C6,30,Black or African American,Male,GSW,20,1,2017,4,10,Dorchester,Not Hispanic or Latinx
650,162077078,2016/09/21 00:06:00+00,2016/09/21 00:06:00+00,C11,21,Black or African American,Male,GSW,20,3,2016,3,9,Dorchester,Not Hispanic or Latinx
652,172078494,2017/09/21 12:04:30+00,2017/09/21 12:04:00+00,B3,43,Black or African American,Male,STAB,8,5,2017,3,9,Dorchester,Not Hispanic or Latinx
653,182058835,2018/07/26 02:57:00+00,2018/07/26 02:57:00+00,B3,27,White,Male,GSW,22,4,2018,3,7,Dorchester,Hispanic or Latinx
661,182002801,2018/01/11 19:03:02+00,2018/01/11 19:03:02+00,B2,21,Black or African American,Male,GSW,14,5,2018,1,1,Dorchester,Not Hispanic or Latinx
663,172073486,2017/09/05 14:46:00+00,2017/09/05 14:46:00+00,C11,21,Black or African American,Male,GSW,10,3,2017,3,9,Dorchester,Not Hispanic or Latinx
664,152091104,2015/11/03 17:15:00+00,2015/11/03 05:15:00+00,C11,21,White,Male,GSW,0,3,2015,4,11,Dorchester,Hispanic or Latinx
666,162042228,2016/05/29 14:49:00+00,2016/05/29 14:20:52+00,B2,31,Black or African American,Male,GSW,10,1,2016,2,5,Dorchester,Not Hispanic or Latinx
668,152028582,2015/04/13 17:03:18+00,2015/04/09 00:20:00+00,C11,33,Black or African American,Male,GSW,20,4,2015,2,4,Dorchester,Not Hispanic or Latinx
674,182081058,2018/10/07 15:28:00+00,2018/10/07 15:28:00+00,B3,36,Black or African American,Male,GSW,11,1,2018,4,10,Mattapan,Not Hispanic or Latinx
675,182099711,2018/12/11 02:58:00+00,2018/12/11 02:58:00+00,B3,25,Black or African American,Male,GSW,21,2,2018,4,12,Mattapan,Not Hispanic or Latinx
680,182093233,2018/11/18 06:57:00+00,2018/11/18 06:57:00+00,B3,28,Black or African American,Male,GSW,1,1,2018,4,11,Mattapan,Not Hispanic or Latinx
687,172094879,2017/11/15 17:56:24+00,2017/11/13 19:49:00+00,C11,55,White,Male,Other,14,2,2017,4,11,Dorchester,Hispanic or Latinx
690,162050266,2016/06/24 18:32:06+00,2016/06/24 19:22:00+00,B3,43,Black or African American,Male,GSW,15,6,2016,2,6,Mattapan,Not Hispanic or Latinx
691,182064699,2018/08/14 13:48:00+00,2018/08/14 13:48:00+00,B3,29,Black or African American,Male,GSW,9,3,2018,3,8,Mattapan,Not Hispanic or Latinx
693,172054261,2017/07/05 21:24:08+00,2017/07/05 21:24:00+00,B2,51,Black or African American,Male,STAB,17,4,2017,3,7,Dorchester,Not Hispanic or Latinx
696,172086572,2017/10/17 16:04:17+00,2017/10/17 08:15:49+00,C6,22,Black or African American,Male,GSW,4,3,2017,4,10,Dorchester,Not Hispanic or Latinx
700,162069471,2016/08/27 20:22:06+00,2016/08/27 05:39:31+00,C11,24,Black or African American,Male,GSW,1,7,2016,3,8,Dorchester,Not Hispanic or Latinx
704,182042108,2018/06/01 06:41:00+00,2018/06/01 06:41:00+00,B3,58,Black or African American,Male,STAB,2,6,2018,2,6,Mattapan,Not Hispanic or Latinx
712,172074007,2017/09/07 20:00:00+00,2017/09/07 03:15:00+00,C11,16,Black or African American,Male,GSW,23,4,2017,3,9,Dorchester,Not Hispanic or Latinx
713,172035478,2017/05/06 01:40:56+00,2017/05/06 01:35:00+00,B3,25,Black or African American,Male,GSW,21,6,2017,2,5,Mattapan,Not Hispanic or Latinx
718,162046995,2016/06/15 12:21:10+00,2016/06/14 16:22:55+00,B3,31,Black or African American,Male,GSW,12,3,2016,2,6,Mattapan,Not Hispanic or Latinx
723,192000054,2019/01/01 08:05:00+00,2019/01/01 08:05:00+00,B3,32,Black or African American,Male,GSW,3,3,2019,1,1,Dorchester,Hispanic or Latinx
724,182080989,2018/10/07 23:29:23+00,2018/10/07 23:29:23+00,B3,42,Black or African American,Male,GSW,19,1,2018,4,10,Mattapan,Not Hispanic or Latinx
729,182094270,2018/11/21 21:06:00+00,2018/11/21 21:06:00+00,B2,63,White,Male,STAB,16,4,2018,4,11,Dorchester,Not Hispanic or Latinx
738,162053997,2016/07/08 18:14:45+00,2016/07/07 15:36:48+00,C11,27,Black or African American,Male,GSW,11,5,2016,3,7,Dorchester,Not Hispanic or Latinx
739,172087538,2017/10/20 04:30:00+00,2017/10/20 04:22:00+00,C11,38,White,Male,GSW,0,6,2017,4,10,Dorchester,Hispanic or Latinx
740,192008843,2019/02/03 14:55:00+00,2019/02/03 14:55:00+00,B3,29,White,Male,GSW,9,1,2019,1,2,Mattapan,Hispanic or Latinx
741,182074555,2018/09/16 00:10:00+00,2018/09/16 00:10:00+00,B2,29,Black or African American,Male,GSW,20,7,2018,3,9,Dorchester,Not Hispanic or Latinx
744,162092746,2016/11/13 21:46:00+00,2016/11/12 21:46:00+00,B3,28,Black or African American,Male,GSW,16,7,2016,4,11,Dorchester,Not Hispanic or Latinx
752,152079378,2015/09/24 12:09:49+00,2015/09/24 00:40:00+00,B2,21,Black or African American,Male,GSW,20,4,2015,3,9,Dorchester,Not Hispanic or Latinx
753,162073020,2016/09/07 23:44:00+00,2016/09/07 23:44:00+00,B3,21,Black or African American,Male,GSW,19,4,2016,3,9,Dorchester,Not Hispanic or Latinx
754,172065378,2017/08/10 02:34:14+00,2017/08/10 02:33:00+00,B2,42,Black or African American,Male,GSW,22,4,2017,3,8,Dorchester,Not Hispanic or Latinx
760,172035483,2017/05/05 14:53:00+00,2017/05/06 02:48:00+00,B2,18,Black or African American,Male,STAB,22,6,2017,2,5,Dorchester,Not Hispanic or Latinx
767,172046900,2017/06/13 00:40:53+00,2017/06/13 00:44:00+00,B3,37,Black or African American,Male,GSW,20,2,2017,2,6,Mattapan,Not Hispanic or Latinx
770,172099946,2017/12/02 04:47:00+00,2017/12/02 04:47:00+00,C11,31,Black or African American,Male,GSW,23,6,2017,4,12,Dorchester,Not Hispanic or Latinx
771,182008982,2018/02/03 18:49:00+00,2018/02/03 18:49:00+00,C11,20,Black or African American,Male,GSW,13,7,2018,1,2,Dorchester,Not Hispanic or Latinx
773,172008070,2017/01/31 14:00:42+00,2017/01/30 11:24:00+00,C11,49,Black or African American,Male,GSW,6,2,2017,1,1,Dorchester,Not Hispanic or Latinx
775,182082677,2018/10/13 01:31:00+00,2018/10/13 01:31:00+00,B3,33,Black or African American,Male,GSW,21,6,2018,4,10,Dorchester,Not Hispanic or Latinx
778,172105745,2017/12/23 08:13:00+00,2017/12/23 08:13:00+00,C11,48,White,Male,GSW,3,7,2017,4,12,Dorchester,Not Hispanic or Latinx
783,152062504,2015/07/29 20:01:25+00,2015/07/29 02:32:00+00,B2,31,White,Female,GSW,22,3,2015,3,7,Dorchester,Hispanic or Latinx
784,162067346,2016/08/21 18:23:07+00,2016/08/20 04:05:00+00,B2,35,Black or African American,Male,GSW,0,7,2016,3,8,Dorchester,Hispanic or Latinx
785,162101250,2016/12/13 15:48:00+00,2016/12/12 19:55:00+00,C11,24,Black or African American,Male,GSW,14,2,2016,4,12,Dorchester,Not Hispanic or Latinx
794,152101840,2015/12/10 13:39:29+00,2015/12/10 01:18:00+00,B3,27,Black or African American,Male,GSW,20,4,2015,4,12,Dorchester,Not Hispanic or Latinx
795,192015793,2019/03/02 07:59:00+00,2019/03/02 07:59:00+00,B3,32,Black or African American,Male,GSW,2,7,2019,1,3,Dorchester,Not Hispanic or Latinx
797,162029672,2016/04/20 19:28:49+00,2016/04/17 05:18:06+00,C11,45,White,Male,Trauma,1,1,2016,2,4,Dorchester,Not Hispanic or Latinx
798,172051926,2017/07/01 13:53:00+00,2017/06/28 13:57:00+00,C11,20,Black or African American,Male,GSW,9,4,2017,2,6,Dorchester,Not Hispanic or Latinx
799,182036836,2018/05/15 23:03:53+00,2018/05/15 14:39:00+00,B3,33,Black or African American,Male,GSW,10,3,2018,2,5,Mattapan,Not Hispanic or Latinx
1219,192025403,2019/04/06 20:56:54+00,2019/04/06 20:56:50+00,B3,74,Black or African American,Female,GSW,16,7,2019,2,4,Mattapan,Not Hispanic or Latinx
1220,192027439,2019/04/14 03:07:50+00,2019/04/14 03:07:49+00,B3,53,Black or African American,Male,GSW,23,7,2019,2,4,Mattapan,Not Hispanic or Latinx
1221,192027439,2019/04/14 03:07:40+00,2019/04/14 03:07:40+00,B3,53,Black or African American,Male,GSW,23,7,2019,2,4,Mattapan,Not Hispanic or Latinx
1222,192032179,2019/05/02 22:30:22+00,2019/05/01 22:26:10+00,C11,34,Black or African American,Male,GSW,18,4,2019,2,5,Dorchester,Not Hispanic or Latinx
1223,192033997,2019/05/09 19:56:02+00,2019/05/08 14:05:01+00,B3,24,Black or African American,Male,GSW,10,4,2019,2,5,Dorchester,Not Hispanic or Latinx
1224,192037998,2019/05/22 01:10:05+00,2019/05/22 00:34:05+00,B3,23,Black or African American,Male,GSW,20,3,2019,2,5,Dorchester,Not Hispanic or Latinx
1225,192040692,2019/06/02 03:13:17+00,2019/05/31 02:47:17+00,C11,47,Black or African American,Male,STAB,22,5,2019,2,5,Dorchester,Not Hispanic or Latinx
1227,192045000,2019/06/14 15:00:27+00,2019/06/14 07:30:27+00,B2,59,Black or African American,Male,GSW,3,6,2019,2,6,Dorchester,Hispanic or Latinx
1228,192045558,2019/06/16 05:42:33+00,2019/06/16 05:18:33+00,B3,23,Black or African American,Male,GSW,1,1,2019,2,6,Dorchester,Not Hispanic or Latinx
1231,192047704,2019/06/23 19:02:16+00,2019/06/23 19:02:38+00,B3,25,Black or African American,Male,GSW,15,1,2019,2,6,Mattapan,Not Hispanic or Latinx
1232,192054283,2019/07/15 03:37:26+00,2019/07/15 03:37:00+00,B2,22,Black or African American,Male,GSW,23,1,2019,3,7,Dorchester,Not Hispanic or Latinx
1234,192058537,2019/07/29 03:09:41+00,2019/07/29 03:09:41+00,C11,20,Black or African American,Male,GSW,23,1,2019,3,7,Dorchester,Not Hispanic or Latinx
1235,192059525,2019/08/01 04:46:40+00,2019/08/01 04:46:40+00,C11,30,Black or African American,Male,GSW,0,5,2019,3,8,Dorchester,Not Hispanic or Latinx
1237,192061117,2019/08/06 05:29:20+00,2019/08/06 05:29:20+00,B3,18,Black or African American,Male,GSW,1,3,2019,3,8,Dorchester,Not Hispanic or Latinx
1239,192074613,2019/09/17 03:50:54+00,2019/09/17 03:42:54+00,C11,27,Black or African American,Male,GSW,23,2,2019,3,9,Dorchester,Not Hispanic or Latinx
1248,202002920,2020/01/12 01:26:45+00,2020/01/12 01:26:45+00,B2,19,Black or African American,Male,GSW,20,7,2020,1,1,Dorchester,Not Hispanic or Latinx
1249,202005879,2020/01/23 00:15:39+00,2020/01/23 00:15:39+00,C11,23,Black or African American,Male,GSW,19,4,2020,1,1,Dorchester,Not Hispanic or Latinx
1251,202010471,2020/02/07 20:03:33+00,2020/02/07 23:29:16+00,B2,62,Black or African American,Male,GSW,18,6,2020,1,2,Dorchester,Not Hispanic or Latinx
1252,202009888,2020/02/05 23:28:42+00,2020/02/05 23:28:42+00,B2,31,Black or African American,Male,GSW,18,4,2020,1,2,Dorchester,Hispanic or Latinx
1253,202012769,2020/02/16 03:08:21+00,2020/02/16 02:37:03+00,B3,18,Black or African American,Male,GSW,21,7,2020,1,2,Mattapan,Not Hispanic or Latinx
1254,202014058,2020/02/21 04:13:46+00,2020/02/21 04:13:46+00,B3,46,White,Male,GSW,23,5,2020,1,2,Dorchester,Hispanic or Latinx
1255,202015077,2020/02/25 00:34:06+00,2020/02/25 00:34:06+00,B3,29,Black or African American,Male,GSW,19,2,2020,1,2,Mattapan,Not Hispanic or Latinx
1256,202015868,2020/02/27 19:21:40+00,2020/02/27 19:21:40+00,C11,51,Black or African American,Female,Trauma,14,5,2020,1,2,Dorchester,Not Hispanic or Latinx
1257,202021807,2020/03/20 23:27:20+00,2020/03/20 23:37:20+00,B3,18,Black or African American,Male,GSW,19,6,2020,1,3,Dorchester,Not Hispanic or Latinx
1258,202027248,2020/04/15 19:38:14+00,2020/04/15 19:37:14+00,C11,17,Black or African American,Female,GSW,15,4,2020,2,4,Dorchester,Not Hispanic or Latinx
1260,202034010,2020/05/16 23:54:46+00,2020/05/16 23:54:46+00,C11,56,Black or African American,Male,GSW,19,7,2020,2,5,Dorchester,Not Hispanic or Latinx
1261,202034336,2020/05/18 13:49:38+00,2020/05/18 16:05:59+00,B3,49,Black or African American,Male,GSW,12,2,2020,2,5,Dorchester,Not Hispanic or Latinx
1263,202036660,2020/05/28 03:56:35+00,2020/05/28 03:55:35+00,B3,42,White,Male,GSW,23,4,2020,2,5,Dorchester,Hispanic or Latinx
1264,202038748,2020/06/04 06:30:12+00,2020/06/04 06:29:12+00,B3,33,Black or African American,Male,GSW,2,5,2020,2,6,Dorchester,Not Hispanic or Latinx
1265,202041368,2020/06/13 19:59:10+00,2020/06/13 19:58:10+00,B3,28,Black or African American,Male,GSW,15,7,2020,2,6,Dorchester,Not Hispanic or Latinx
1266,202043876,2020/06/23 05:55:40+00,2020/06/23 05:51:40+00,B3,19,Black or African American,Male,GSW,1,3,2020,2,6,Dorchester,Not Hispanic or Latinx
1268,202046395,2020/07/02 04:30:19+00,2020/07/02 04:18:19+00,B3,45,Black or African American,Male,GSW,0,5,2020,3,7,Dorchester,Not Hispanic or Latinx
1269,202046620,2020/07/03 00:14:06+00,2020/07/03 00:14:06+00,B3,22,Black or African American,Male,GSW,20,5,2020,3,7,Mattapan,Not Hispanic or Latinx
1271,202047204,2020/07/05 13:51:05+00,2020/07/05 07:10:24+00,C11,34,Black or African American,Female,GSW,3,1,2020,3,7,Dorchester,Not Hispanic or Latinx
1272,202046952,2020/07/04 03:03:38+00,2020/07/04 03:03:38+00,C11,36,White,Male,STAB,23,6,2020,3,7,Dorchester,Hispanic or Latinx
1273,202046944,2020/07/03 16:20:29+00,2020/07/04 02:03:46+00,B3,50,Black or African American,Male,STAB,22,6,2020,3,7,Dorchester,Not Hispanic or Latinx
1274,202049124,2020/07/12 05:58:35+00,2020/07/12 05:58:35+00,B3,35,Black or African American,Male,GSW,1,1,2020,3,7,Mattapan,Not Hispanic or Latinx
1276,202051043,2020/07/19 20:42:25+00,2020/07/19 20:42:25+00,B3,17,Black or African American,Male,GSW,16,1,2020,3,7,Dorchester,Not Hispanic or Latinx
1277,202051043,2020/07/19 20:42:08+00,2020/07/19 20:42:08+00,B3,16,Black or African American,Male,GSW,16,1,2020,3,7,Dorchester,Not Hispanic or Latinx
1278,202052816,2020/07/26 06:10:05+00,2020/07/26 06:08:05+00,C11,28,Black or African American,Male,GSW,2,1,2020,3,7,Dorchester,Not Hispanic or Latinx
1279,202052804,2020/07/26 05:58:58+00,2020/07/26 05:58:58+00,B3,39,Black or African American,Male,GSW,1,1,2020,3,7,Dorchester,Not Hispanic or Latinx
1280,202053871,2020/07/30 03:15:38+00,2020/07/30 03:10:38+00,C11,28,Black or African American,Male,GSW,23,4,2020,3,7,Dorchester,Not Hispanic or Latinx
1283,202055998,2020/08/06 19:58:13+00,2020/08/06 13:12:55+00,B3,26,Black or African American,Male,GSW,9,5,2020,3,8,Mattapan,Not Hispanic or Latinx
1285,202054954,2020/08/06 17:11:06+00,2020/08/03 01:12:06+00,B3,25,Black or African American,Male,GSW,21,1,2020,3,8,Dorchester,Not Hispanic or Latinx
1287,202061868,2020/08/27 02:43:07+00,2020/08/27 02:43:07+00,C11,26,Black or African American,Male,GSW,22,4,2020,3,8,Dorchester,Not Hispanic or Latinx
1291,202062720,2020/09/19 12:10:44+00,2020/08/30 06:40:45+00,B3,41,Black or African American,Male,GSW,2,1,2020,3,8,Dorchester,Not Hispanic or Latinx
1293,202070693,2020/09/27 05:17:04+00,2020/09/27 05:17:04+00,C11,28,Black or African American,Male,GSW,1,1,2020,3,9,Dorchester,Not Hispanic or Latinx
1294,202075514,2020/10/18 19:33:26+00,2020/10/14 01:27:18+00,B3,18,Black or African American,Male,GSW,21,3,2020,4,10,Dorchester,Not Hispanic or Latinx
1298,182043571,2020/10/29 15:15:09+00,2018/06/06 03:59:09+00,B3,74,White,Male,Trauma,23,3,2018,2,6,Dorchester,Not Hispanic or Latinx
1305,212001090,2021/01/22 14:56:00+00,2021/01/06 05:26:00+00,B3,22,Black or African American,Male,GSW,0,4,2021,1,1,Mattapan,Not Hispanic or Latinx
1306,212003327,2021/01/15 14:33:24+00,2021/01/15 23:29:18+00,B3,17,Black or African American,Male,GSW,18,6,2021,1,1,Dorchester,Not Hispanic or Latinx
1308,212004677,2021/01/22 23:14:39+00,2021/01/22 17:39:33+00,C11,19,Black or African American,Female,GSW,12,6,2021,1,1,Dorchester,Not Hispanic or Latinx
1309,212007684,2021/02/04 15:15:49+00,2021/02/05 03:02:48+00,B3,32,Black or African American,Male,GSW,22,5,2021,1,2,Dorchester,Not Hispanic or Latinx
1314,212023091,2021/04/10 21:56:53+00,2021/04/10 21:56:53+00,C11,73,Black or African American,Female,GSW,17,7,2021,2,4,Dorchester,Not Hispanic or Latinx
1315,212028413,2021/05/02 13:45:29+00,2021/05/02 16:27:35+00,C11,42,Unknown,Female,STAB,12,1,2021,2,5,Dorchester,
1316,212028413,2021/05/02 13:51:32+00,2021/05/02 16:27:57+00,C11,27,White,Female,STAB,12,1,2021,2,5,Dorchester,Hispanic or Latinx
1318,212034069,2021/05/23 13:49:40+00,2021/05/24 02:48:08+00,B2,26,Black or African American,Male,GSW,22,1,2021,2,5,Dorchester,Not Hispanic or Latinx
1319,212034323,2021/05/24 13:38:13+00,2021/05/25 00:04:45+00,B3,40,Black or African American,Male,GSW,20,2,2021,2,5,Dorchester,Not Hispanic or Latinx
1320,212035337,2021/05/28 15:55:40+00,2021/05/28 15:51:40+00,B3,37,Black or African American,Male,GSW,11,6,2021,2,5,Dorchester,Not Hispanic or Latinx
1327,212055384,2021/08/09 13:22:59+00,2021/08/09 04:29:58+00,B3,38,Black or African American,Female,GSW,0,2,2021,3,8,Dorchester,Not Hispanic or Latinx
1328,212056861,2021/08/14 07:18:27+00,2021/08/14 07:18:27+00,B3,39,Black or African American,Male,GSW,3,7,2021,3,8,Mattapan,Not Hispanic or Latinx
1329,212059080,2021/08/24 02:35:48+00,2021/08/22 04:34:11+00,B3,30,Black or African American,Male,GSW,0,1,2021,3,8,Mattapan,Hispanic or Latinx
1330,212061019,2021/08/28 22:30:01+00,2021/08/28 22:30:01+00,B3,31,Black or African American,Male,GSW,18,7,2021,3,8,Dorchester,Not Hispanic or Latinx
1331,212060871,2021/08/28 20:52:19+00,2021/08/28 13:20:17+00,B3,17,Black or African American,Male,STAB,9,7,2021,3,8,Dorchester,Hispanic or Latinx
1335,212069153,2021/09/26 02:00:03+00,2021/09/26 01:00:02+00,B3,31,Black or African American,Female,GSW,21,7,2021,3,9,Dorchester,Not Hispanic or Latinx
1336,212072410,2021/10/06 14:12:21+00,2021/10/07 02:54:22+00,B3,25,Black or African American,Male,GSW,22,4,2021,4,10,Mattapan,Not Hispanic or Latinx
1338,212073779,2021/10/11 22:50:27+00,2021/10/11 22:40:27+00,B2,43,White,Male,STAB,18,2,2021,4,10,Dorchester,Not Hispanic or Latinx
1340,212082297,2021/11/10 04:00:27+00,2021/11/10 04:00:27+00,B3,48,Black or African American,Female,GSW,23,3,2021,4,11,Mattapan,Not Hispanic or Latinx
1344,222000342,2022/01/02 23:25:47+00,2022/01/02 23:25:47+00,C11,17,Black or African American,Female,GSW,18,1,2022,1,1,Dorchester,Unknown
7802,222040203,2022/06/02 20:06:22+00,2022/06/03 02:03:25+00,C11,37,Black or African American,Male,GSW,22,5,2022,2,6,Dorchester,Not Hispanic or Latinx
7804,222053028,2022/07/16 21:58:00+00,2022/07/16 05:03:53+00,C11,48,Black or African American,Male,STAB,1,7,2022,3,7,,Not Hispanic or Latinx
7805,222053517,2022/07/17 16:27:21+00,2022/07/18 01:14:27+00,B3,33,Black or African American,Male,GSW,21,1,2022,3,7,,Not Hispanic or Latinx
7806,222054787,2022/07/21 14:12:59+00,2022/07/22 02:02:48+00,B3,21,Black or African American,Male,GSW,22,5,2022,3,7,Mattapan,Not Hispanic or Latinx
7807,222056542,2022/07/27 19:28:21+00,2022/07/27 23:27:14+00,C11,15,Black or African American,Male,GSW,19,4,2022,3,7,,Not Hispanic or Latinx
7808,222057902,2022/08/01 19:46:09+00,2022/08/01 16:06:07+00,B3,33,Black or African American,Male,GSW,12,2,2022,3,8,Dorchester,Not Hispanic or Latinx
7810,222060964,2022/08/11 19:29:18+00,2022/08/12 00:36:29+00,B3,19,Black or African American,Male,GSW,20,5,2022,3,8,Mattapan,
7811,222065701,2022/08/27 19:42:19+00,2022/08/27 21:41:47+00,B3,33,Black or African American,Male,GSW,17,7,2022,3,8,Dorchester,Not Hispanic or Latinx
7812,222066832,2022/09/01 19:02:20+00,2022/08/31 21:06:57+00,C11,26,Black or African American,Male,GSW,17,4,2022,3,8,Dorchester,Not Hispanic or Latinx
7813,222067867,2022/09/04 20:06:12+00,2022/09/04 06:59:47+00,C11,32,Black or African American,Male,GSW,2,1,2022,3,9,Dorchester,Not Hispanic or Latinx
7814,222067867,2022/09/04 17:04:19+00,2022/09/04 06:59:19+00,C11,33,Black or African American,Male,GSW,2,1,2022,3,9,Dorchester,Not Hispanic or Latinx
7817,222076415,2022/10/04 20:09:06+00,2022/10/04 04:41:40+00,C11,19,,,GSW,0,3,2022,4,10,Dorchester,
7820,222079944,2022/10/16 19:43:19+00,2022/10/17 00:51:48+00,C11,24,Black or African American,Female,GSW,20,1,2022,4,10,Dorchester,Not Hispanic or Latinx
7821,222081486,2022/10/23 02:44:40+00,2022/10/22 04:59:46+00,B3,36,Black or African American,Male,GSW,0,7,2022,4,10,Dorchester,Not Hispanic or Latinx
7823,222049692,2023/07/13 14:02:03+00,2022/07/05 13:45:54+00,B3,33,Black or African American,Male,GSW,9,3,2022,3,7,Dorchester,Not Hispanic or Latinx
7824,222081951,2022/10/23 19:38:23+00,2022/10/24 02:29:12+00,C11,21,Black or African American,Male,GSW,22,1,2022,4,10,Dorchester,
7825,222082764,2022/10/26 13:44:04+00,2022/10/26 23:17:35+00,C11,43,Black or African American,Male,GSW,19,4,2022,4,10,Dorchester,
7826,222086068,2022/11/06 20:07:22+00,2022/11/07 02:10:33+00,B3,48,White,Male,GSW,21,1,2022,4,11,Mattapan,Hispanic or Latinx
7828,222086858,2022/11/09 20:59:58+00,2022/11/09 18:13:31+00,B3,35,Black or African American,Male,GSW,13,4,2022,4,11,Dorchester,Not Hispanic or Latinx
7831,222099235,2022/12/24 23:19:19+00,2022/12/25 04:18:28+00,B3,18,Black or African American,Male,GSW,23,7,2022,4,12,Dorchester,Not Hispanic or Latinx
7832,232000070,2023/01/01 19:57:08+00,2023/01/01 10:55:34+00,B3,33,Black or African American,Male,GSW,5,1,2023,1,1,Mattapan,Not Hispanic or Latinx
7833,232007576,2023/01/29 15:51:17+00,2023/01/29 16:32:54+00,B3,13,Black or African American,Male,GSW,11,1,2023,1,1,Mattapan,Not Hispanic or Latinx
7836,232013356,2023/02/19 02:50:36+00,2023/02/19 01:46:17+00,B3,33,Black or African American,Female,GSW,20,7,2023,1,2,Dorchester,Not Hispanic or Latinx
7838,232014078,2023/02/21 20:01:56+00,2023/02/22 00:36:14+00,C11,21,Black or African American,Male,GSW,19,3,2023,1,2,Dorchester,Unknown
7847,232035541,2023/05/07 22:18:15+00,2023/05/08 00:31:11+00,B3,37,Black or African American,Male,GSW,20,1,2023,2,5,Mattapan,Not Hispanic or Latinx
7848,232035584,2023/05/07 17:36:21+00,2023/05/08 00:34:15+00,C11,23,Black or African American,Male,GSW,20,1,2023,2,5,Dorchester,Hispanic or Latinx
7849,232040051,2023/05/22 22:19:00+00,2023/05/22 20:58:38+00,C11,33,Black or African American,Male,GSW,16,2,2023,2,5,Dorchester,Not Hispanic or Latinx
7851,232053295,2023/07/06 19:03:05+00,2023/07/07 03:49:23+00,B2,19,Black or African American,Male,GSW,23,5,2023,3,7,Dorchester,Not Hispanic or Latinx
7857,232055224,2023/07/13 19:15:39+00,2023/07/13 18:05:26+00,B3,12,Black or African American,Male,GSW,14,5,2023,3,7,Mattapan,Not Hispanic or Latinx
7858,232070897,2023/09/02 17:39:21+00,2023/09/03 03:41:08+00,B3,22,Black or African American,Male,GSW,23,7,2023,3,9,Dorchester,Hispanic or Latinx
7859,232072799,2023/09/09 19:01:15+00,2023/09/09 09:26:30+00,B3,29,Black or African American,Female,GSW,5,7,2023,3,9,Dorchester,Not Hispanic or Latinx
7861,232082860,2023/10/13 19:36:23+00,2023/10/13 18:06:41+00,C11,30,Black or African American,Male,GSW,14,6,2023,4,10,Dorchester,Not Hispanic or Latinx
7862,232083024,2023/10/14 17:49:43+00,2023/10/14 04:27:49+00,B3,25,Black or African American,Male,GSW,0,7,2023,4,10,Mattapan,Not Hispanic or Latinx
7867,232106072,2023/12/30 18:51:49+00,2023/12/30 05:52:04+00,C11,41,Black or African American,Male,GSW,0,7,2023,4,12,Dorchester,Not Hispanic or Latinx
7868,242000085,2024/01/01 18:22:06+00,2024/01/01 10:29:42+00,C11,24,Black or African American,Male,GSW,5,2,2024,1,1,Dorchester,Not Hispanic or Latinx
9582,242033721,2024/04/27 23:55:23+00,2024/04/27 08:42:45+00,B3,42,Black or African American,Male,GSW,4,7,2024,2,4,Mattapan,Not Hispanic or Latinx
9583,242035353,2024/05/02 23:55:26+00,2024/05/02 19:12:12+00,B3,28,Black or African American,Male,GSW,15,5,2024,2,5,Dorchester,Not Hispanic or Latinx
9584,242044595,2024/05/31 23:55:31+00,2024/06/01 03:17:49+00,B3,27,Black or African American,Female,GSW,23,6,2024,2,5,Dorchester,Not Hispanic or Latinx
9585,242053267,2024/06/28 23:55:35+00,2024/06/29 00:34:46+00,C11,19,Unknown,Male,GSW,20,6,2024,2,6,Dorchester,Hispanic or Latinx
9587,242055178,2024/07/05 23:55:42+00,2024/07/05 16:26:46+00,C11,17,Black or African American,Male,GSW,12,6,2024,3,7,Mattapan,Not Hispanic or Latinx
9590,242067102,2024/08/12 23:56:27+00,2024/08/12 22:40:21+00,C11,49,Black or African American,Male,GSW,18,2,2024,3,8,Dorchester,Hispanic or Latinx
9591,242071666,2024/08/23 23:56:32+00,2024/08/24 01:59:23+00,C11,52,Black or African American,Male,STAB,21,6,2024,3,8,Dorchester,Not Hispanic or Latinx
9592,242071965,2024/08/24 23:56:35+00,2024/08/25 01:58:06+00,C11,38,Black or African American,Male,GSW,21,7,2024,3,8,Dorchester,Not Hispanic or Latinx
9593,242074601,2024/09/02 23:56:43+00,2024/09/02 16:55:46+00,C11,20,Black or African American,Male,GSW,12,2,2024,3,9,Dorchester,Hispanic or Latinx
9599,242094187,2024/11/06 00:57:03+00,2024/11/06 01:03:01+00,B3,45,Black or African American,Male,GSW,20,3,2024,4,11,Dorchester,Not Hispanic or Latinx
9602,242104013,2024/12/10 00:57:15+00,2024/12/10 03:24:17+00,B2,37,Black or African American,Male,GSW,22,2,2024,4,12,Dorchester,Not Hispanic or Latinx
9605,252005691,2025/01/22 00:11:26+00,2025/01/22 00:21:56+00,C11,20,Black or African American,Male,GSW,19,3,2025,1,1,Dorchester,Not Hispanic or Latinx
9606,252008224,2025/01/30 23:35:01+00,2025/01/31 03:31:34+00,C11,18,Black or African American,Male,GSW,22,5,2025,1,1,Dorchester,Not Hispanic or Latinx
9607,252009553,2025/02/05 00:12:23+00,2025/02/05 04:30:30+00,B3,33,Black or African American,Male,GSW,23,3,2025,1,2,Mattapan,Not Hispanic or Latinx
